event_id,pion_id,pion_mass
4.000000,0.000000,103.554281
5.000000,0.000000,88.350064
6.000000,0.000000,63.462671
12.000000,0.000000,105.972847
