event_id,pion_id,pion_mass
5.000000,0.000000,89.000241
6.000000,0.000000,63.473397
11.000000,0.000000,103.976809
12.000000,0.000000,106.582197
15.000000,0.000000,114.459421
18.000000,0.000000,683.400525
21.000000,0.000000,102.467796
31.000000,0.000000,123.655339
32.000000,0.000000,110.860928
35.000000,0.000000,33.429398
36.000000,0.000000,67.957611
37.000000,0.000000,101.794797
